id,family_name
1,Smith
2,Johnson
3,Williams
4,Brown
5,Jones
6,Garcia
7,Miller
8,Davis
9,Rodriguez
10,Martinez
11,Hernandez
12,Lopez
13,Gonzalez
14,Wilson
15,Anderson
16,Thomas
17,Taylor
18,Moore
19,Jackson
20,Martin
21,Lee
22,Perez
23,Thompson
24,White
25,Harris
26,Sanchez
27,Clark
28,Ramirez
29,Lewis
30,Robinson
31,Walker
32,Young
33,Allen
34,King
35,Wright
36,Scott
37,Torres
38,Nguyen
39,Hill
40,Flores
41,Green
42,Adams
43,Nelson
44,Baker
45,Hall
46,Rivera
47,Campbell
48,Mitchell
49,Carter
50,Roberts
51,Gomez
52,Phillips
53,Evans
54,Turner
55,Diaz
56,Parker
57,Cruz
58,Edwards
59,Collins
60,Reyes
61,Stewart
62,Morris
63,Morales
64,Murphy
65,Cook
66,Rogers
67,Gutierrez
68,Ortiz
69,Morgan
70,Cooper
71,Peterson
72,Bailey
73,Reed
74,Kelly
75,Howard
76,Ramos
77,Kim
78,Cox
79,Ward
80,Richardson
81,Watson
82,Brooks
83,Chavez
84,Wood
85,James
86,Bennett
87,Gray
88,Mendoza
89,Ruiz
90,Hughes
91,Price
92,Alvarez
93,Castillo
94,Sanders
95,Patel
96,Myers
97,Long
98,Ross
99,Foster
100,Jimenez
101,Powell
102,Jenkins
103,Perry
104,Russell
105,Sullivan
106,Bell
107,Coleman
108,Butler
109,Henderson
110,Barnes
111,Gonzales
112,Fisher
113,Vasquez
114,Simmons
115,Romero
116,Jordan
117,Patterson
118,Alexander
119,Hamilton
120,Graham
121,Reynolds
122,Griffin
123,Wallace
124,Moreno
125,West
126,Cole
127,Hayes
128,Bryant
129,Herrera
130,Gibson
131,Ellis
132,Tran
133,Medina
134,Aguilar
135,Stevens
136,Murray
137,Ford
138,Castro
139,Marshall
140,Owens
141,Harrison
142,Fernandez
143,Mcdonald
144,Woods
145,Washington
146,Kennedy
147,Wells
148,Vargas
149,Henry
150,Chen
151,Freeman
152,Webb
153,Tucker
154,Guzman
155,Burns
156,Crawford
157,Olson
158,Simpson
159,Porter
160,Hunter
161,Gordon
162,Mendez
163,Silva
164,Shaw
165,Snyder
166,Mason
167,Dixon
168,Munoz
169,Hunt
170,Hicks
171,Holmes
172,Palmer
173,Wagner
174,Black
175,Robertson
176,Boyd
177,Rose
178,Stone
179,Salazar
180,Fox
181,Warren
182,Mills
183,Meyer
184,Rice
185,Schmidt
186,Garza
187,Daniels
188,Ferguson
189,Nichols
190,Stephens
191,Soto
192,Weaver
193,Ryan
194,Gardner
195,Payne
196,Grant
197,Dunn
198,Kelley
199,Spencer
200,Hawkins
201,Arnold
202,Pierce
203,Vazquez
204,Hansen
205,Peters
206,Santos
207,Hart
208,Bradley
209,Knight
210,Elliott
211,Cunningham
212,Duncan
213,Armstrong
214,Hudson
215,Carroll
216,Lane
217,Riley
218,Andrews
219,Alvarado
220,Ray
221,Delgado
222,Berry
223,Perkins
224,Hoffman
225,Johnston
226,Matthews
227,Pena
228,Richards
229,Contreras
230,Willis
231,Carpenter
232,Lawrence
233,Sandoval
234,Guerrero
235,George
236,Chapman
237,Rios
238,Estrada
239,Ortega
240,Watkins
241,Greene
242,Nunez
243,Wheeler
244,Valdez
245,Harper
246,Burke
247,Larson
248,Santiago
249,Maldonado
250,Morrison
251,Franklin
252,Carlson
253,Austin
254,Dominguez
255,Carr
256,Lawson
257,Jacobs
258,Obrien
259,Lynch
260,Singh
261,Vega
262,Bishop
263,Montgomery
264,Oliver
265,Jensen
266,Harvey
267,Williamson
268,Gilbert
269,Dean
270,Sims
271,Espinoza
272,Howell
273,Li
274,Wong
275,Reid
276,Hanson
277,Le
278,Mccoy
279,Garrett
280,Burton
281,Fuller
282,Wang
283,Weber
284,Welch
285,Rojas
286,Lucas
287,Marquez
288,Fields
289,Park
290,Yang
291,Little
292,Banks
293,Padilla
294,Day
295,Walsh
296,Bowman
297,Schultz
298,Luna
299,Fowler
300,Mejia
301,Davidson
302,Acosta
303,Brewer
304,May
305,Holland
306,Juarez
307,Newman
308,Pearson
309,Curtis
310,Cortez
311,Douglas
312,Schneider
313,Joseph
314,Barrett
315,Navarro
316,Figueroa
317,Keller
318,Avila
319,Wade
320,Molina
321,Stanley
322,Hopkins
323,Campos
324,Barnett
325,Bates
326,Chambers
327,Caldwell
328,Beck
329,Lambert
330,Miranda
331,Byrd
332,Craig
333,Ayala
334,Lowe
335,Frazier
336,Powers
337,Neal
338,Leonard
339,Gregory
340,Carrillo
341,Sutton
342,Fleming
343,Rhodes
344,Shelton
345,Schwartz
346,Norris
347,Jennings
348,Watts
349,Duran
350,Walters
351,Cohen
352,Mcdaniel
353,Moran
354,Parks
355,Steele
356,Vaughn
357,Becker
358,Holt
359,Deleon
360,Barker
361,Terry
362,Hale
363,Leon
364,Hail
365,Benson
366,Haynes
367,Horton
368,Miles
369,Lyons
370,Pham
371,Graves
372,Bush
373,Thornton
374,Wolfe
375,Warner
376,Cabrera
377,Mckinney
378,Mann
379,Zimmerman
380,Dawson
381,Lara
382,Fletcher
383,Page
384,Mccarthy
385,Love
386,Robles
387,Cervantes
388,Solis
389,Erickson
390,Reeves
391,Chang
392,Klein
393,Salinas
394,Fuentes
395,Baldwin
396,Daniel
397,Simon
398,Velasquez
399,Hardy
400,Higgins
401,Aguirre
402,Lin
403,Cummings
404,Chandler
405,Sharp
406,Barber
407,Bowen
408,Ochoa
409,Dennis
410,Robbins
411,Liu
412,Ramsey
413,Francis
414,Griffith
415,Paul
416,Blair
417,Oconnor
418,Cardenas
419,Pacheco
420,Cross
421,Calderon
422,Quinn
423,Moss
424,Swanson
425,Chan
426,Rivas
427,Khan
428,Rodgers
429,Serrano
430,Fitzgerald
431,Rosales
432,Stevenson
433,Christensen
434,Manning
435,Gill
436,Curry
437,Mclaughlin
438,Harmon
439,Mcgee
440,Gross
441,Doyle
442,Garner
443,Newton
444,Burgess
445,Reese
446,Walton
447,Blake
448,Trujillo
449,Adkins
450,Brady
451,Goodman
452,Roman
453,Webster
454,Goodwin
455,Fischer
456,Huang
457,Potter
458,Delacruz
459,Montoya
460,Todd
461,Wu
462,Hines
463,Mullins
464,Castaneda
465,Malone
466,Cannon
467,Tate
468,Mack
469,Sherman
470,Hubbard
471,Hodges
472,Zhang
473,Guerra
474,Wolf
475,Valencia
476,Franco
477,Saunders
478,Rowe
479,Gallagher
480,Farmer
481,Hammond
482,Hampton
483,Townsend
484,Ingram
485,Wise
486,Gallegos
487,Clarke
488,Barton
489,Schroeder
490,Maxwell
491,Waters
492,Logan
493,Camacho
494,Strickland
495,Norman
496,Person
497,Colon
498,Parsons
499,Frank
500,Harrington
501,Glover
502,Osborne
503,Buchanan
504,Casey
505,Floyd
506,Patton
507,Ibarra
508,Ball
509,Tyler
510,Suarez
511,Bowers
512,Orozco
513,Salas
514,Cobb
515,Gibbs
516,Andrade
517,Bauer
518,Conner
519,Moody
520,Escobar
521,Mcguire
522,Lloyd
523,Mueller
524,Hartman
525,French
526,Kramer
527,Mcbride
528,Pope
529,Lindsey
530,Velazquez
531,Norton
532,Mccormick
533,Sparks
534,Flynn
535,Yates
536,Hogan
537,Marsh
538,Macias
539,Villanueva
540,Zamora
541,Pratt
542,Stokes
543,Owen
544,Ballard
545,Lang
546,Brock
547,Villarreal
548,Charles
549,Drake
550,Barrera
551,Cain
552,Patrick
553,Pineda
554,Burnett
555,Mercado
556,Santana
557,Shepherd
558,Bautista
559,Ali
560,Shaffer
561,Lamb
562,Trevino
563,Mckenzie
564,Hess
565,Beil
566,Olsen
567,Cochran
568,Morton
569,Nash
570,Wilkins
571,Petersen
572,Briggs
573,Shah
574,Roth
575,Nicholson
576,Holloway
577,Lozano
578,Flowers
579,Rangel
580,Hoover
581,Arias
582,Short
583,Mora
584,Valenzuela
585,Bryan
586,Meyers
587,Weiss
588,Underwood
589,Bass
590,Greer
591,Summers
592,Houston
593,Carson
594,Morrow
595,Clayton
596,Whitaker
597,Decker
598,Yoder
599,Collier
600,Zuniga
601,Carey
602,Wilcox
603,Melendez
604,Poole
605,Roberson
606,Larsen
607,Conley
608,Davenport
609,Copeland
610,Massey
611,Lam
612,Huff
613,Rocha
614,Cameron
615,Jefferson
616,Hood
617,Monroe
618,Anthony
619,Pittman
620,Huynh
621,Randall
622,Singleton
623,Kirk
624,Combs
625,Mathis
626,Christian
627,Skinner
628,Bradford
629,Richard
630,Galvan
631,Wall
632,Boone
633,Kirby
634,Wilkinson
635,Bridges
636,Bruce
637,Atkinson
638,Velez
639,Meza
640,Roy
641,Vincent
642,York
643,Hodge
644,Villa
645,Abbott
646,Allison
647,Tapia
648,Gates
649,Chase
650,Sosa
651,Sweeney
652,Farrell
653,Wyatt
654,Dalton
655,Horn
656,Barron
657,Phelps
658,Yu
659,Dickerson
660,Heath
661,Foley
662,Atkins
663,Mathews
664,Bonilla
665,Acevedo
666,Benitez
667,Zavala
668,Hensley
669,Glenn
670,Cisneros
671,Harrell
672,Shields
673,Rubio
674,Choi
675,Huffman
676,Boyer
677,Garrison
678,Arroyo
679,Bond
680,Kane
681,Hancock
682,Callahan
683,Dillon
684,Cline
685,Wiggins
686,Grimes
687,Arellano
688,Melton
689,Oneill
690,Savage
691,Ho
692,Beltran
693,Pitts
694,Parrish
695,Ponce
696,Rich
697,Booth
698,Koch
699,Golden
700,Ware
701,Brennan
702,Mcdowell
703,Marks
704,Cantu
705,Humphrey
706,Baxter
707,Sawyer
708,Clay
709,Tanner
710,Hutchinson
711,Kaur
712,Berg
713,Wiley
714,Gilmore
715,Russo
716,Villegas
717,Hobbs
718,Keith
719,Wilkerson
720,Ahmed
721,Beard
722,Mcclain
723,Montes
724,Mata
725,Rosario
726,Vang
729,Walter
730,Henson
731,Oneal
732,Mosley
733,Mcclure
734,Beasley
735,Stephenson
736,Snow
737,Huerta
738,Preston
739,Vance
740,Barry
741,Johns
742,Eaton
743,Blackwell
744,Dyer
745,Prince
746,Macdonald
747,Solomon
748,Guevara
749,Stafford
750,English
751,Hurst
752,Woodard
753,Cortes
754,Shannon
755,Kemp
756,Nolan
757,Mccullough
758,Merritt
759,Murillo
760,Moon
761,Salgado
762,Strong
763,Kline
764,Cordova
765,Barajas
766,Roach
767,Rosas
768,Winters
769,Jacobson
770,Lester
771,Knox
772,Bullock
773,Kerr
774,Leach
775,Meadows
776,Davila
777,Orr
778,Whitehead
779,Pruitt
780,Kent
781,Conway
782,Mckee
783,Barr
784,David
785,Dejesus
786,Marin
787,Berger
788,Mcintyre
789,Blankenship
790,Gaines
791,Palacios
792,Cuevas
793,Bartlett
794,Durham
795,Dorsey
796,Mccall
797,Odonnell
798,Stein
799,Browning
800,Stout
801,Lowery
802,Sloan
803,Mclean
804,Hendricks
805,Calhoun
806,Sexton
807,Chung
808,Gentry
809,Hull
810,Duarte
811,Ellison
812,Nielsen
813,Gillespie
814,Buck
815,Middleton
816,Sellers
817,Leblanc
818,Esparza
819,Hardin
820,Bradshaw
821,Mcintosh
822,Howe
823,Livingston
824,Frost
825,Glass
826,Morse
827,Knapp
828,Herman
829,Stark
830,Bravo
831,Noble
832,Spears
833,Weeks
834,Corona
835,Frederick
836,Buckley
837,Mcfarland
838,Hebert
839,Enriquez
840,Hickman
841,Quintero
842,Randolph
843,Schaefer
844,Walls
845,Trejo
846,House
847,Reilly
848,Pennington
849,Michael
850,Conrad
851,Giles
852,Benjamin
853,Crosby
854,Fitzpatrick
855,Donovan
856,Mays
857,Mahoney
858,Valentine
859,Raymond
860,Medrano
861,Hahn
862,Mcmillan
863,Small
864,Bentley
865,Felix
866,Peck
867,Lucero
868,Boyle
869,Hanna
870,Pace
871,Rush
872,Hurley
873,Harding
874,Mcconnell
875,Bernal
876,Nava
877,Ayers
878,Everett
879,Ventura
880,Avery
881,Pugh
882,Mayer
883,Bender
884,Shepard
885,Mcmahon
886,Landry
887,Case
888,Sampson
889,Moses
890,Magana
891,Blackburn
892,Dunlap
893,Gould
894,Duffy
895,Vaughan
896,Herring
897,Mckay
898,Espinosa
899,Rivers
900,Farley
901,Bernard
902,Ashley
903,Friedman
904,Potts
905,Truong
906,Costa
907,Correa
908,Blevins
909,Nixon
910,Clements
911,Fry
912,Delarosa
913,Best
914,Benton
915,Lugo
916,Portillo
917,Dougherty
918,Crane
919,Haley
920,Phan
921,Villalobos
922,Blanchard
923,Horne
924,Finley
925,Quintana
926,Lynn
927,Esquivel
928,Bean
929,Dodson
930,Mullen
931,Xiong
932,Hayden
933,Cano
934,Levy
935,Huber
936,Richmond
937,Moyer
938,Lim
939,Frye
940,Sheppard
941,Mccarty
942,Avalos
943,Booker
944,Waller
945,Parra
946,Woodward
947,Jaramillo
948,Krueger
949,Rasmussen
950,Brandt
951,Peralta
952,Donaldson
953,Stuart
954,Faulkner
955,Maynard
956,Galindo
957,Coffey
958,Estes
959,Sanford
960,Burch
961,Maddox
962,Vo
963,Oconnell
964,Vu
967,Andersen
968,Spence
969,Mcpherson
970,Church
971,Schmitt
972,Stanton
973,Leal
974,Cherry
975,Compton
976,Dudley
977,Sierra
978,Pollard
979,Alfaro
980,Hester
981,Proctor
982,Lu
983,Hinton
984,Novak
985,Good
986,Madden
987,Mccann
988,Terrell
989,Jarvis
990,Dickson
991,Reyna
992,Cantrell
993,Mayo
994,Branch
995,Hendrix
996,Rollins
997,Rowland
998,Whitney
999,Duke
1000,Odom
1001,Daugherty
1002,Travis
1003,Tang
