id,given_name,sex
0,Ruby,non-binary
1,Mia,female
2,Isabella,female
3,Chloe,female
4,Charlotte,female
5,Emily,non-binary
6,Ella,female
7,Lily,female
8,Sienna,female
9,Sophie,female
10,Olivia,non-binary
11,Amelia,female
12,Ava,female
13,Grace,female
14,Hannah,female
15,Emma,non-binary
16,Lucy,female
17,Summer,female
18,Lilly,female
19,Matilda,female
20,Madison,non-binary
21,Georgia,female
22,Abigail,female
23,Zoe,female
24,Chelsea,female
25,Maddison,non-binary
26,Sophia,female
27,Isabelle,female
28,Layla,female
29,Jessica,female
30,Isla,non-binary
31,Jasmine,female
32,Sarah,female
33,Eva,female
34,Scarlett,female
35,Holly,non-binary
36,Bella,female
37,Hayley,female
38,Imogen,female
39,Savannah,female
40,Paige,non-binary
41,Claire,female
42,Addison,female
43,Zara,female
44,Alexis,female
45,Ivy,non-binary
46,Evie,female
47,Mikayla,female
48,Stella,female
49,Elizabeth,female
50,Alyssa,non-binary
51,Amber,female
52,Molly,female
53,Tahlia,female
54,Willow,female
55,Phoebe,non-binary
56,Caitlin,female
57,Charli,female
58,Taylor,female
59,Kate,female
60,Poppy,non-binary
61,Lara,female
62,Mackenzie,female
63,Jade,female
64,Annabelle,female
65,Kayla,non-binary
66,Piper,female
67,Skye,female
68,Lola,female
69,Samantha,female
70,Isabel,non-binary
71,Lillian,female
72,Dakota,female
73,Madeline,female
74,Taylah,female
75,Abby,non-binary
76,Brooke,female
77,Erin,female
78,Maya,female
79,Amy,female
80,Audrey,non-binary
81,Violet,female
82,Alice,female
83,Eden,female
84,Ellie,female
85,Eloise,non-binary
86,Heidi,female
87,Peyton,female
88,Charlie,female
89,Indiana,female
90,Abbey,non-binary
91,Tayla,female
92,Madeleine,female
93,Harper,female
94,Kiara,female
95,Milla,non-binary
96,Gemma,female
97,Brianna,female
98,Eliza,female
99,Gabrielle,female
100,Keira,non-binary
101,Nevaeh,female
102,Sofia,female
103,Cooper,male
104,William,male
105,Jack,non-binary
106,Lachlan,male
107,Noah,male
108,Oliver,male
109,Riley,male
110,Thomas,non-binary
111,Ethan,male
112,Samuel,male
113,James,male
114,Joshua,male
115,Jacob,non-binary
116,Liam,male
117,Max,male
118,Tyler,male
119,Benjamin,male
120,Harrison,non-binary
121,Lucas,male
122,Alexander,male
123,Ryan,male
124,Connor,male
125,Xavier,non-binary
126,Levi,male
127,Matthew,male
128,Jackson,male
129,Blake,male
130,Jake,non-binary
131,Harry,male
132,Hunter,male
133,Jayden,male
134,Hayden,male
135,Daniel,non-binary
136,Isaac,male
137,Eli,male
138,Aiden,male
139,Lincoln,male
140,Mitchell,non-binary
141,Luke,male
142,Seth,male
143,Dylan,male
144,Michael,male
145,Ashton,non-binary
146,Nate,male
147,Nicholas,male
148,Mason,male
149,Jett,male
150,Elijah,non-binary
151,Oscar,male
152,Bailey,male
153,Henry,male
154,Joseph,male
155,Zachary,non-binary
156,Logan,male
157,Jordan,male
158,Tyson,male
159,Sebastian,male
160,Kai,non-binary
161,Angus,male
162,Aidan,male
163,Hamish,male
164,Caleb,male
165,Declan,non-binary
166,Patrick,male
167,Chase,male
168,Jai,male
169,Toby,male
170,Cameron,non-binary
171,Archie,male
172,Beau,male
173,Nathan,male
174,Jaxon,male
175,Finn,non-binary
176,Jesse,male
177,Alex,male
178,Hudson,male
179,Cody,male
180,Edward,non-binary
181,Darcy,male
182,Flynn,male
183,Andrew,male
184,Callum,male
185,Ryder,non-binary
186,Charles,male
187,Tristan,male
188,Phoenix,male
189,Jasper,male
190,Dominic,non-binary
191,Zac,male
192,Christopher,male
193,Marcus,male
194,Joel,male
195,Owen,non-binary
196,Luca,male
197,Rhys,male
198,Sam,male
199,Archer,male
200,Brock,non-binary
201,Zane,male
202,Nan,male
203,Evelyn,female
204,Aaliyah,female
205,Lacey,non-binary
206,Faith,female
207,Ebony,female
208,Katie,female
209,Rose,female
210,George,non-binary
211,Nathaniel,male
212,Austin,male
213,Hugo,male
214,Lewis,male
215,David,non-binary
216,John,male
217,Gabriel,male
218,Leo,male
219,Christian,male
220,Mila,non-binary
221,Pippa,female
222,Aria,female
223,Brooklyn,female
224,Makayla,female
225,Alexandra,non-binary
226,Indie,female
227,Charlee,female
228,Arabella,female
229,Gabriella,female
230,Braxton,non-binary
231,Carter,male
232,Parker,male
233,Harley,male
234,Adam,male
235,Indigo,non-binary
236,Amity,female
237,Anna,female
238,Ayla,female
239,Indi,female
240,April,non-binary
241,Olive,female
242,Penelope,female
243,Theodore,male
244,Louis,male
245,Bentley,non-binary
246,Jax,male
247,Wyatt,male
248,Felix,male
249,Jaxson,male
250,Ariana,non-binary
251,Eleanor,female
252,Elsie,female
253,Frankie,female
254,Bonnie,female
255,Harvey,non-binary
256,Fletcher,male
257,Aurora,female
258,Harriet,female
259,Maggie,female
260,Josephine,non-binary
261,Marley,female
262,Marlee,female
263,Lyla,female
264,Maxwell,male
265,Spencer,non-binary
266,Lauren,female
267,Laura,female
268,Jorja,female
269,Stephanie,female
270,Tia,non-binary
271,Bianca,female
272,Rebecca,female
273,Ashlee,female
274,Trinity,female
275,Kaitlyn,non-binary
276,Kirra,female
277,Ashley,female
278,Ashleigh,female
279,Katelyn,female
280,Natalie,non-binary
281,Bethany,female
282,Corey,male
283,Kyle,male
284,Brodie,male
285,Brandon,non-binary
286,Brayden,male
287,Tom,male
288,Sean,male
289,Robert,male
290,Byron,non-binary
291,Anthony,male
292,Will,male
293,Jonathan,male
294,Caitlyn,female
295,Felicity,non-binary
296,Tara,female
297,Claudia,female
298,Taj,male
299,Aaron,male
300,Leah,non-binary
301,Thea,female
302,Quinn,female
303,Hazel,female
304,Emilia,female
305,Freya,non-binary
306,Daisy,female
307,Billie,female
308,Elise,female
309,Arlo,male
310,Bodhi,non-binary
311,Asher,male
312,Ari,male
313,Vincent,male
314,Sonny,male
315,Luna,non-binary
316,Harlow,female
317,Florence,female
318,Millie,female
319,Ezra,male
320,Arthur,non-binary
321,Theo,male
322,Hugh,male
323,Jason,male
324,Peter,male
325,Mark,non-binary
326,Karen,female
327,Paul,male
328,Stephen,male
329,Michelle,female
330,Amanda,non-binary
331,Shane,male
332,Scott,male
333,Gregory,male
334,Susan,female
335,Darren,non-binary
336,Kylie,female
337,Debra,female
338,Jennifer,female
339,Craig,male
340,Melissa,non-binary
341,Lisa,female
342,Timothy,male
343,Julie,female
344,Nicole,female
345,Sharon,non-binary
346,Steven,male
347,Tracey,female
348,Ian,male
349,Sandra,female
350,Wayne,non-binary
351,Gary,male
352,Deborah,female
353,Robyn,female
354,Brett,male
355,Donna,non-binary
356,Leanne,female
357,Wendy,female
358,Brendan,male
359,Christine,female
360,Troy,non-binary
361,Courtney,female
362,Bradley,male
363,Helen,female
364,Kelly,female
365,Angela,non-binary
366,Catherine,female
367,Kevin,male
368,Jodie,female
369,Belinda,female
370,Judith,non-binary
371,Tanya,female
372,Richard,male
373,Margaret,female
374,Ross,male
375,Linda,non-binary
376,Patricia,female
377,Brian,male
378,Joanne,female
379,Kenneth,male
380,Danielle,non-binary
381,Kim,female
382,Rachel,female
383,Russell,male
384,Jeffrey,male
385,Justin,non-binary
386,Graham,male
387,Fiona,female
388,Megan,female
389,Bruce,male
390,Geoffrey,non-binary
391,Glenn,male
392,Lynette,female
393,Trevor,male
394,Katrina,female
395,Kerry,non-binary
396,Damien,male
397,Vicki,female
398,Kristy,female
399,Simon,male
400,Gavin,non-binary
401,Jamie,male
402,Colin,male
403,Natasha,female
404,Rodney,male
405,Alan,non-binary
406,Cheryl,female
407,Renee,female
408,Brittany,female
409,Darryl,male
410,Stacey,non-binary
411,Raymond,male
412,Kathryn,female
413,Janelle,female
414,Cassandra,female
415,Annette,non-binary
416,Mary,female
417,Anne,female
418,Barry,male
419,Suzanne,female
420,Tracy,non-binary
421,Glen,male
422,Warren,male
423,Neil,male
424,Dean,male
425,Trent,non-binary
426,Melanie,female
427,Shaun,male
428,Ronald,male
429,Tammy,female
430,Tania,non-binary
431,Katherine,female
432,Tamara,female
433,Kimberley,female
434,Maria,female
435,Shannon,non-binary
436,Adrian,male
437,Louise,female
438,Peta,female
439,Grant,male
440,Kellie,non-binary
441,Clinton,male
442,Kathleen,female
443,Garry,male
444,Allan,male
445,Carol,non-binary
446,Andrea,female
447,Toni,female
448,Ann,female
449,Malcolm,male
450,Tony,non-binary
451,Rachael,female
452,Travis,male
453,Barbara,female
454,Tina,female
455,Carly,non-binary
456,Donald,male
457,Jacqueline,female
458,Phillip,male
459,Debbie,female
460,Janet,non-binary
461,Tiffany,female
462,Carolyn,female
463,Kym,female
464,Diane,female
465,Jeremy,non-binary
466,Vanessa,female
467,Jane,female
468,Lee,male
469,Maree,female
470,Narelle,non-binary
471,Tegan,female
472,Reece,male
473,Melinda,female
474,Philip,male
475,Keith,non-binary
476,Paula,female
477,Rhonda,female
478,Graeme,male
479,Anita,female
480,Bryce,non-binary
481,Colleen,female
482,Gail,female
483,Jarrod,male
484,Leslie,male
485,Rebekah,non-binary
486,Jared,male
487,Kerri,female
488,Alison,female
489,Kirsty,female
490,Pamela,non-binary
491,Martin,male
492,Naomi,female
493,Damian,male
494,Dianne,female
495,Gayle,non-binary
496,Roslyn,female
497,Sonia,female
498,Ben,male
499,Brenton,male
500,Candice,non-binary
501,Douglas,male
502,Dale,male
503,Denise,female
504,Heather,female
505,Jenna,non-binary
506,Mathew,male
507,Monique,female
508,Noel,male
509,Jessie,female
510,Sara,non-binary
511,Alicia,female
512,Sonya,female
513,Glenda,female
514,Krystal,female
515,Breanna,non-binary
516,Jay,male
517,Mikaela,female
518,Todd,male
519,Alana,female
520,Shania,non-binary
521,Bronwyn,female
522,Ellen,female
523,Leisa,female
524,Michele,female
525,Stuart,non-binary
526,Kurt,male
527,Rhiannon,female
528,Brent,male
529,Crystal,female
530,Brenda,non-binary
531,Casey,female
532,Neville,male
533,Kasey,female
534,Murray,male
535,Ricky,non-binary
536,Chantelle,female
537,Jacinta,female
538,Janette,female
539,Janice,female
540,Wesley,non-binary
541,Paris,female
542,Kelsey,female
543,Sally,female
544,Shakira,female
545,Bernadette,non-binary
546,Kirsten,female
547,Morgan,female
548,Wade,male
549,Kara,female
550,Lindsay,non-binary
551,Micheal,male
552,Gordon,male
553,Kaleb,male
554,Kane,male
555,Kieran,non-binary
556,Dane,male
557,Jasmin,female
558,Julia,female
559,Nigel,male
560,Shirley,non-binary
561,Simone,female
562,Teresa,female
563,Jemma,female
564,Kay,female
565,Madonna,non-binary
566,Alyce,female
567,Lesley,female
568,Michaela,female
569,Carmel,female
570,Desmond,non-binary
571,Jody,female
572,Pauline,female
573,Tamika,female
574,Terry,male
575,Tori,non-binary
576,Britney,female
577,Jodi,female
578,Lorraine,female
579,Terence,male
580,Veronica,non-binary
581,Gerard,male
582,Sharyn,female
583,Victoria,female
584,Beverley,female
585,Christina,non-binary
586,Bridget,female
587,Carl,male
588,Jo-anne,female
589,Kye,male
590,Rosemary,non-binary
591,Carla,female
592,Janine,female
593,Krystle,female
594,Nikita,female
595,Terrence,non-binary
596,Allison,female
597,Clint,male
598,Georgina,female
599,Jan,female
600,Leonie,non-binary
601,Tiana,female
602,Eric,male
603,Jonathon,male
604,Brendon,male
605,Clayton,non-binary
606,Dennis,male
607,Desley,female
608,Kaylene,female
609,Marie,female
610,Nicola,non-binary
611,Ruth,female
612,Brody,male
613,Curtis,male
614,Dana,female
615,Derek,non-binary
616,Theresa,female
617,Bronte,female
618,Karl,male
619,Kelli,female
620,Leesa,non-binary
621,Yvonne,female
622,Aimee,female
623,Caroline,female
624,Damon,male
625,Darrin,non-binary
626,Julian,male
627,Kristen,female
628,Lance,male
629,Lochlan,male
630,Renae,non-binary
631,Bernard,male
632,Brady,male
633,Brittney,female
634,Clare,female
635,Frances,non-binary
636,Jeanette,female
637,Kerrie,female
638,Sheryl,female
639,Deanne,female
640,Keely,non-binary
641,Lynda,female
642,Shelley,female
643,Terri,female
644,Therese,female
645,Leigh,non-binary
646,Trudy,female
647,Daryl,male
648,Francis,male
649,Drew,male
650,Heath,non-binary
651,Kristine,female
652,Leon,male
653,Maureen,female
654,Susanne,female
655,Tyrone,non-binary
656,Cara,female
657,Carmen,female
658,Diana,female
659,Leonard,male
660,Marnie,non-binary
661,Stewart,male
662,Jaime,female
663,Kelvin,male
664,Lawrence,male
665,Roger,non-binary
666,Cassie,female
667,Danny,male
668,Loretta,female
669,Shayne,male
670,Laurence,non-binary
671,Norman,male
672,Bryan,male
673,Frank,male
674,Robin,male
675,Lloyd,non-binary
676,Adeline,female
677,Clara,female
678,Delilah,female
679,Elena,female
680,Reuben,non-binary
681,Grayson,male
682,Maisie,female
683,Sadie,female
684,Aubrey,female
685,Remi,non-binary
686,Billy,male
687,Roman,male
688,River,male
689,Lennox,male
690,Hallie,non-binary
691,Rosie,female
692,Gracie,female
693,Maverick,male
694,Frederick,male
695,Alfie,non-binary
696,Leonardo,male
697,Luka,male
698,Octavia,female
699,Maeve,female
700,Koa,non-binary
701,Miles,male
702,Louie,male
703,Huxley,male
704,Elias,male
705,Ezekiel,non-binary
